{"cameraMode":{"drawMode":0,"name":"Shaded","section":"Shading Mode"},"sceneLighting":true,"audioPlay":false,"sceneViewState":{"m_AlwaysRefresh":false,"showFog":true,"showSkybox":true,"showFlares":true,"showImageEffects":true,"showParticleSystems":true,"showVisualEffectGraphs":true,"m_FxEnabled":true},"in2DMode":false,"pivot":{"x":51.04581832885742,"y":6.987510681152344,"z":36.352195739746097},"rotation":{"x":0.09425974637269974,"y":-0.09245432913303375,"z":0.008801566436886788,"w":0.9912229776382446},"size":113.16683197021485,"orthographic":false}