{"cameraMode":{"drawMode":0,"name":"Shaded","section":"Shading Mode"},"sceneLighting":false,"audioPlay":false,"sceneViewState":{"m_AlwaysRefresh":false,"showFog":true,"showSkybox":false,"showFlares":true,"showImageEffects":true,"showParticleSystems":true,"showVisualEffectGraphs":true,"m_FxEnabled":true},"in2DMode":false,"pivot":{"x":-7.559999465942383,"y":12.300000190734864,"z":-1.4072437286376954},"rotation":{"x":-0.002684942679479718,"y":0.05696502700448036,"z":0.00016263795259874314,"w":0.9983888864517212},"size":9.09640121459961,"orthographic":false}